model_name,property,random_seed,r2_mean,r2_se,mae_mean,mae_se,rmse_mean,rmse_se
DopNet,k,"1, 42, 88, 123, 1201",0.7230409646480392,0.008404676856118959,0.5231322208924631,0.010544972664209559,1.1437950035327122,0.03996867134123337
DopNet,ke,"1, 42, 88, 123, 1201",0.4673373619294096,0.019848752500023333,0.2815643093236602,0.010009194674586698,0.4914192758936127,0.019723147693609534
DopNet,kl,"1, 42, 88, 123, 1201",0.7084774503223342,0.012923953728585246,0.43079944377164553,0.012955646876794713,0.938410052264857,0.027621445478464367
DopNet,sigma,"1, 42, 88, 123, 1201",0.5553602143873824,0.04802709196031697,286.6039824971465,16.74026098712138,625.7738502539418,30.3116194934395
DopNet,S,"1, 42, 88, 123, 1201",0.7662401717311433,0.01321288034791238,52.29014982805578,1.7512344617869418,98.75543201773026,2.82706708485183
DopNet,PF,"1, 42, 88, 123, 1201",0.8023114841390979,0.008697570597315712,2.7054555804204607,0.04401818075701146,4.863965164947988,0.11521727339228496
DopNet,zT,"1, 42, 88, 123, 1201",0.7855435666504539,0.0053030999918542675,0.12912814935080522,0.002168157303470292,0.20146355734681037,0.0030853476107817004
