model_name,property,random_seed,r2_mean,r2_se,mae_mean,mae_se,rmse_mean,rmse_se
Random Forest,k,"1, 42, 88, 123, 1201",0.7488621568492617,0.019918505682959643,0.4981768306081433,0.010588351271101358,1.064896774958259,0.04511010603499145
Random Forest,ke,"1, 42, 88, 123, 1201",0.494669794198207,0.02169512817022527,0.2880459237365358,0.010764102100934541,0.4764959943851017,0.018793762318869377
Random Forest,kl,"1, 42, 88, 123, 1201",0.7142407803138687,0.01667275401971586,0.42821626753263187,0.013064221441557163,0.922538764025558,0.030852308950588058
Random Forest,sigma,"1, 42, 88, 123, 1201",0.6709344584330645,0.013087356284894778,285.3532195611558,5.3591621121339355,551.2041756818865,13.875936994551282
Random Forest,S,"1, 42, 88, 123, 1201",0.7973981633952952,0.008611507866603056,53.65383468353792,1.4209903826511856,92.17393694695302,2.059472369702033
Random Forest,PF,"1, 42, 88, 123, 1201",0.8169805368815319,0.008088873415595723,2.7805259978688266,0.045375607338742484,4.6737721361041045,0.09904225173521293
Random Forest,zT,"1, 42, 88, 123, 1201",0.7907207820499812,0.00908294725271874,0.1235382264480748,0.0024785124439055863,0.19870592886140254,0.005237327789257268
