mean_mae,std_mae,mean_rmse,std_rmse,mean_r2,std_r2
49.955743756176865,4.222516114687356,90.04290099011244,9.990373257576453,0.8069594454439677,0.04260415621486673
