mean_mae,std_mae,mean_rmse,std_rmse,mean_r2,std_r2
293.29337973120926,19.227595661081864,555.199757455676,40.028811964308105,0.6654764596207825,0.056182215838484005
