mean_mae,std_mae,mean_rmse,std_rmse,mean_r2,std_r2
53.830821831936895,5.432662482482766,93.90494919692472,7.989481852780323,0.7906624419099847,0.03576070668047481
