mean_mae,std_mae,mean_rmse,std_rmse,mean_r2,std_r2
2.6824442063893414,0.26563376201923844,4.492882903741829,0.4422690727712022,0.8329722681799664,0.025371053946364137
