mean_mae,std_mae,mean_rmse,std_rmse,mean_r2,std_r2
0.4312737306888123,0.08282157549482483,0.9293154464452277,0.10786343595651944,0.7112650076805299,0.05827785392061488
