mean_mae,std_mae,mean_rmse,std_rmse,mean_r2,std_r2
0.5038300888035756,0.08418368588742108,1.093491311176332,0.2835732816625057,0.7455803092299146,0.04861275802901408
