mean_mae,std_mae,mean_rmse,std_rmse,mean_r2,std_r2
0.43169886499043136,0.07706770936798144,0.9210065425786771,0.20923590559167882,0.7147243764612103,0.10102039162073494
