mean_mae,std_mae,mean_rmse,std_rmse,mean_r2,std_r2
2.850124729343879,0.25609009604156846,4.840382199227795,0.5111050285319741,0.8020048711281298,0.041168835258862
