mean_mae,std_mae,mean_rmse,std_rmse,mean_r2,std_r2
0.29162022506733754,0.019962869504999505,0.4903324845112566,0.056164654806370416,0.46585526983958997,0.1271974604246853
