mean_mae,std_mae,mean_rmse,std_rmse,mean_r2,std_r2
0.4893004609899153,0.030982610237794042,0.9713642451997326,0.15158768641729636,0.7898050554884974,0.0722637636017165
