mean_mae,std_mae,mean_rmse,std_rmse,mean_r2,std_r2
2.761949644520756,0.2721083382666313,4.609117641702765,0.6345238605873231,0.8210845251982853,0.0561258904225142
