mean_mae,std_mae,mean_rmse,std_rmse,mean_r2,std_r2
2.7445986329199146,0.17172134082832877,4.632224009242278,0.19373093689227178,0.8218573421148776,0.023022565986359267
