mean_mae,std_mae,mean_rmse,std_rmse,mean_r2,std_r2
289.24172416723945,39.510753602953194,552.6790591855503,47.29043857363021,0.6703773549964428,0.05073006686514007
