mean_mae,std_mae,mean_rmse,std_rmse,mean_r2,std_r2
0.4310550998757622,0.07455933336312565,0.9526819113007343,0.17240471733201088,0.6959423739735118,0.10356221168148072
