mean_mae,std_mae,mean_rmse,std_rmse,mean_r2,std_r2
292.3208136173724,26.56851600559189,563.875866333138,104.02402940653813,0.6572973382748848,0.0661599994378337
