mean_mae,std_mae,mean_rmse,std_rmse,mean_r2,std_r2
0.26801178379668256,0.049196745141874304,0.46090577154280543,0.08898633028475438,0.5216175573781138,0.10892238706696193
