mean_mae,std_mae,mean_rmse,std_rmse,mean_r2,std_r2
2.8635127761702406,0.23087294943953918,4.794253926605859,0.731165869482556,0.8069836777864005,0.058557567504837996
