mean_mae,std_mae,mean_rmse,std_rmse,mean_r2,std_r2
54.62981525321305,5.258407117148374,92.89873182329924,11.271902429684925,0.7955661154181849,0.03980018210565173
