mean_mae,std_mae,mean_rmse,std_rmse,mean_r2,std_r2
0.12064325346572795,0.004820166673912925,0.19268251065825684,0.012276436745023857,0.8013453982425508,0.04249602786299307
