mean_mae,std_mae,mean_rmse,std_rmse,mean_r2,std_r2
56.3696664321882,8.655369612663767,91.8371831540509,11.515791326745159,0.7969777889677616,0.057410110705174454
