mean_mae,std_mae,mean_rmse,std_rmse,mean_r2,std_r2
0.4965143034431348,0.050477529865548924,1.0647729224891227,0.2389668782973792,0.7437671267398526,0.12639371573978497
