mean_mae,std_mae,mean_rmse,std_rmse,mean_r2,std_r2
0.29353380683066516,0.01636694150091991,0.4804730570997783,0.040149561666504165,0.5001938789029732,0.08071460584342255
