mean_mae,std_mae,mean_rmse,std_rmse,mean_r2,std_r2
53.483126144174626,11.747834901738212,92.18591957037776,15.139138983530543,0.7968250252365775,0.05862992779094556
