mean_mae,std_mae,mean_rmse,std_rmse,mean_r2,std_r2
0.12471807075089163,0.00941714640995783,0.19855585689676108,0.014872854201121088,0.7943499593336073,0.015356846568765169
