mean_mae,std_mae,mean_rmse,std_rmse,mean_r2,std_r2
0.12340570602325011,0.018826115244880856,0.19802535722877668,0.03351015923181326,0.7923872565027767,0.040947393366611594
