mean_mae,std_mae,mean_rmse,std_rmse,mean_r2,std_r2
0.5081722577000962,0.0193075936093765,1.0927530600361828,0.20911850400596294,0.7288416404844671,0.1389695684608813
