mean_mae,std_mae,mean_rmse,std_rmse,mean_r2,std_r2
274.38740967026007,6.99491883155044,532.6013523780806,78.63880324995947,0.6937283907982249,0.0769971216297357
