mean_mae,std_mae,mean_rmse,std_rmse,mean_r2,std_r2
0.301421423678667,0.07211815927756766,0.47582287924203437,0.11221665569361619,0.4955921530483078,0.07352116967202807
