mean_mae,std_mae,mean_rmse,std_rmse,mean_r2,std_r2
0.2856423793093269,0.09502699107312046,0.4749457795296341,0.17130174598404097,0.49009011182205076,0.177676787046569
