mean_mae,std_mae,mean_rmse,std_rmse,mean_r2,std_r2
0.4930670421039947,0.07906131028419115,1.1021023358899242,0.3147544770427946,0.7363166523035766,0.1275909760132926
