mean_mae,std_mae,mean_rmse,std_rmse,mean_r2,std_r2
277.5227706196978,37.63818553669279,551.6648430569871,92.65334138345581,0.6677927484749878,0.09896849435506877
