mean_mae,std_mae,mean_rmse,std_rmse,mean_r2,std_r2
0.1224066271538756,0.016181337276768806,0.19639464144197766,0.02865435851650524,0.7932054626741547,0.054422282815258675
