mean_mae,std_mae,mean_rmse,std_rmse,mean_r2,std_r2
0.4053700554986734,0.0811327391449329,0.8844408548439947,0.20365267174192977,0.7370460390059412,0.11271980312094142
