mean_mae,std_mae,mean_rmse,std_rmse,mean_r2,std_r2
0.4416835866094801,0.028482736303138655,0.9252490649591559,0.13819306359659078,0.7122261044481502,0.07291845215689188
