mean_mae,std_mae,mean_rmse,std_rmse,mean_r2,std_r2
0.12651747484662867,0.014378418523600809,0.20787127808124053,0.04257133387748019,0.7723158334968154,0.07495473498637775
